{
  "id": "raidri-ki-dsa5",
  "title": "Raidri-KI-DSA5",
  "description": "Ein KI-Modul zur automatisierten Steuerung von DSA5-NPCs in Foundry VTT. Unterstützt Sicht, Bewegung und Nahkampfangriffe.",
  "version": "0.1.0",
  "authors": [
    {
      "name": "OnkelDom",
      "discord": "OnkelDom"
    }
  ],
  "compatibility": {
    "minimum": "12",
    "verified": "12.331",
    "maximum": "13"
  },
  "esmodules": [
    "scripts/main.js"
  ],
  "styles": [],
  "scripts": [],
  "languages": [],
  "packs": [],
  "url": "https://github.com/xOnkelDomx/Raidri-KI-DSA5",
  "manifest": "https://raw.githubusercontent.com/xOnkelDomx/Raidri-KI-DSA5/main/module.json",
  "download": "https://github.com/xOnkelDomx/Raidri-KI-DSA5/releases/latest/download/Raidri-KI-DSA5.zip",
  "license": "MIT",
  "readme": "README.md",
  "relationships": {
    "systems": [
      {
        "id": "dsa5",
        "type": "system"
      }
    ],
    "requires": [
      {
        "id": "lib-find-the-path-12",
        "type": "module"
      }
    ]
  }
}
